Unnamed: 0,Unnamed: 1,Unnamed: 2,Unnamed: 3,Unnamed: 4,Unnamed: 5,Група кріплення,Матеріал,Клас міцності,Покриття,Діаметр,Упаковка,Головка,Вид різьби,Довжина,Тип різьби,Крок різьби,Розмір під ключ
Болти,Болти з шестигранною головкою," DIN 933 8,8 цинк Болт з шестигранною головкою і повною різьбою ","Болт DIN 933 M3x5 8,8 цинк","933-3-5-8,8ц","
                                    1,41                                ",Високоміцне кріплення,Сталь,8.8,Цинк,3.0,500,Шестигранна,Повна,5,Метрична,0.5,5.5
Болти,Болти з шестигранною головкою," DIN 933 8,8 цинк Болт з шестигранною головкою і повною різьбою ","Болт DIN 933 M3x6 8,8 цинк","933-3-6-8,8ц","
                                    1,52                                ",Високоміцне кріплення,Сталь,8.8,Цинк,3.0,500,Шестигранна,Повна,6,Метрична,0.5,5.5
Болти,Болти з шестигранною головкою," DIN 933 8,8 цинк Болт з шестигранною головкою і повною різьбою ","Болт DIN 933 M3x8 8,8 цинк","933-3-8-8,8ц","
                                    0,77                                ",Високоміцне кріплення,Сталь,8.8,Цинк,3.0,"500, 100",Шестигранна,Повна,8,Метрична,0.5,5.5
Болти,Болти з шестигранною головкою," DIN 933 8,8 цинк Болт з шестигранною головкою і повною різьбою ","Болт DIN 933 M3x10 8,8 цинк","933-3-10-8,8ц","
                                    0,76                                ",Високоміцне кріплення,Сталь,8.8,Цинк,3.0,"500, 100",Шестигранна,Повна,10,Метрична,0.5,5.5
Болти,Болти з шестигранною головкою," DIN 933 8,8 цинк Болт з шестигранною головкою і повною різьбою ","Болт DIN 933 M3x12 8,8 цинк","933-3-12-8,8ц","
                                    0,86                                ",Високоміцне кріплення,Сталь,8.8,Цинк,3.0,"500, 100",Шестигранна,Повна,12,Метрична,0.5,5.5
Болти,Болти з шестигранною головкою," DIN 933 8,8 цинк Болт з шестигранною головкою і повною різьбою ","Болт DIN 933 M3x14 8,8 цинк","933-3-14-8,8ц","
                                    -                                ",Високоміцне кріплення,Сталь,8.8,Цинк,3.0,,Шестигранна,Повна,14,Метрична,,
Болти,Болти з шестигранною головкою," DIN 933 8,8 цинк Болт з шестигранною головкою і повною різьбою ","Болт DIN 933 M3x16 8,8 цинк","933-3-16-8,8ц","
                                    1,03                                ",Високоміцне кріплення,Сталь,8.8,Цинк,3.0,"500, 100",Шестигранна,Повна,16,Метрична,0.5,5.5
Болти,Болти з шестигранною головкою," DIN 933 8,8 цинк Болт з шестигранною головкою і повною різьбою ","Болт DIN 933 M3x18 8,8 цинк","933-3-18-8,8ц","
                                    -                                ",Високоміцне кріплення,Сталь,8.8,Цинк,3.0,,Шестигранна,Повна,18,Метрична,,
Болти,Болти з шестигранною головкою," DIN 933 8,8 цинк Болт з шестигранною головкою і повною різьбою ","Болт DIN 933 M3x20 8,8 цинк","933-3-20-8,8ц","
                                    1,08                                ",Високоміцне кріплення,Сталь,8.8,Цинк,3.0,"500, 100",Шестигранна,Повна,20,Метрична,0.5,5.5
Болти,Болти з шестигранною головкою," DIN 933 8,8 цинк Болт з шестигранною головкою і повною різьбою ","Болт DIN 933 M3x25 8,8 цинк","933-3-25-8,8ц","
                                    1,34                                ",Високоміцне кріплення,Сталь,8.8,Цинк,3.0,500,Шестигранна,Повна,25,Метрична,0.5,5.5
Болти,Болти з шестигранною головкою," DIN 933 8,8 цинк Болт з шестигранною головкою і повною різьбою ","Болт DIN 933 M3x30 8,8 цинк","933-3-30-8,8ц","
                                    1,40                                ",Високоміцне кріплення,Сталь,8.8,Цинк,3.0,500,Шестигранна,Повна,30,Метрична,0.5,5.5
Болти,Болти з шестигранною головкою," DIN 933 8,8 цинк Болт з шестигранною головкою і повною різьбою ","Болт DIN 933 M3x35 8,8 цинк","933-3-35-8,8ц","
                                    4,11                                ",Високоміцне кріплення,Сталь,8.8,Цинк,3.0,500,Шестигранна,Повна,35,Метрична,0.5,5.5
Болти,Болти з шестигранною головкою," DIN 933 8,8 цинк Болт з шестигранною головкою і повною різьбою ","Болт DIN 933 M3x40 8,8 цинк","933-3-40-8,8ц","
                                    3,41                                ",Високоміцне кріплення,Сталь,8.8,Цинк,3.0,500,Шестигранна,Повна,40,Метрична,0.5,5.5
Болти,Болти з шестигранною головкою," DIN 933 8,8 цинк Болт з шестигранною головкою і повною різьбою ","Болт DIN 933 M3x50 8,8 цинк","933-3-50-8,8ц","
                                    -                                ",Високоміцне кріплення,Сталь,8.8,Цинк,3.0,500,Шестигранна,Повна,50,Метрична,0.5,5.5
Болти,Болти з шестигранною головкою," DIN 933 8,8 цинк Болт з шестигранною головкою і повною різьбою ","Болт DIN 933 M4x5 8,8 цинк","933-4-5-8,8ц","
                                    -                                ",Високоміцне кріплення,Сталь,8.8,Цинк,4.0,,Шестигранна,Повна,5,Метрична,0.7,7.0
Болти,Болти з шестигранною головкою," DIN 933 8,8 цинк Болт з шестигранною головкою і повною різьбою ","Болт DIN 933 M4x6 8,8 цинк","933-4-6-8,8ц","
                                    1,85                                ",Високоміцне кріплення,Сталь,8.8,Цинк,4.0,500,Шестигранна,Повна,6,Метрична,0.7,7.0
Болти,Болти з шестигранною головкою," DIN 933 8,8 цинк Болт з шестигранною головкою і повною різьбою ","Болт DIN 933 M4x8 8,8 цинк","933-4-8-8,8ц","
                                    0,90                                ",Високоміцне кріплення,Сталь,8.8,Цинк,4.0,"500, 100",Шестигранна,Повна,8,Метрична,0.7,7.0
Болти,Болти з шестигранною головкою," DIN 933 8,8 цинк Болт з шестигранною головкою і повною різьбою ","Болт DIN 933 M4x10 8,8 цинк","933-4-10-8,8ц","
                                    1,04                                ",Високоміцне кріплення,Сталь,8.8,Цинк,4.0,"500, 100",Шестигранна,Повна,10,Метрична,0.7,7.0
Болти,Болти з шестигранною головкою," DIN 933 8,8 цинк Болт з шестигранною головкою і повною різьбою ","Болт DIN 933 M4x12 8,8 цинк","933-4-12-8,8ц","
                                    0,75                                ",Високоміцне кріплення,Сталь,8.8,Цинк,4.0,"1000, 500",Шестигранна,Повна,12,Метрична,0.7,7.0
Болти,Болти з шестигранною головкою," DIN 933 8,8 цинк Болт з шестигранною головкою і повною різьбою ","Болт DIN 933 M4x14 8,8 цинк","933-4-14-8,8ц","
                                    1,21                                ",Високоміцне кріплення,Сталь,8.8,Цинк,4.0,500,Шестигранна,Повна,14,Метрична,0.7,7.0
Болти,Болти з шестигранною головкою," DIN 933 8,8 цинк Болт з шестигранною головкою і повною різьбою ","Болт DIN 933 M4x16 8,8 цинк","933-4-16-8,8ц","
                                    0,90                                ",Високоміцне кріплення,Сталь,8.8,Цинк,4.0,500,Шестигранна,Повна,16,Метрична,0.7,7.0
Болти,Болти з шестигранною головкою," DIN 933 8,8 цинк Болт з шестигранною головкою і повною різьбою ","Болт DIN 933 M4x18 8,8 цинк","933-4-18-8,8ц","
                                    1,32                                ",Високоміцне кріплення,Сталь,8.8,Цинк,4.0,500,Шестигранна,Повна,18,Метрична,0.7,7.0
Болти,Болти з шестигранною головкою," DIN 933 8,8 цинк Болт з шестигранною головкою і повною різьбою ","Болт DIN 933 M4x20 8,8 цинк","933-4-20-8,8ц","
                                    1,05                                ",Високоміцне кріплення,Сталь,8.8,Цинк,4.0,500,Шестигранна,Повна,20,Метрична,0.7,7.0
Болти,Болти з шестигранною головкою," DIN 933 8,8 цинк Болт з шестигранною головкою і повною різьбою ","Болт DIN 933 M4x22 8,8 цинк","933-4-22-8,8ц","
                                    2,26                                ",Високоміцне кріплення,Сталь,8.8,Цинк,4.0,500,Шестигранна,Повна,22,Метрична,0.7,7.0
Болти,Болти з шестигранною головкою," DIN 933 8,8 цинк Болт з шестигранною головкою і повною різьбою ","Болт DIN 933 M4x25 8,8 цинк","933-4-25-8,8ц","
                                    1,47                                ",Високоміцне кріплення,Сталь,8.8,Цинк,4.0,500,Шестигранна,Повна,25,Метрична,0.7,7.0
Болти,Болти з шестигранною головкою," DIN 933 8,8 цинк Болт з шестигранною головкою і повною різьбою ","Болт DIN 933 M4x30 8,8 цинк","933-4-30-8,8ц","
                                    1,78                                ",Високоміцне кріплення,Сталь,8.8,Цинк,4.0,"500, 100",Шестигранна,Повна,30,Метрична,0.7,7.0
Болти,Болти з шестигранною головкою," DIN 933 8,8 цинк Болт з шестигранною головкою і повною різьбою ","Болт DIN 933 M4x35 8,8 цинк","933-4-35-8,8ц","
                                    1,90                                ",Високоміцне кріплення,Сталь,8.8,Цинк,4.0,"500, 100",Шестигранна,Повна,35,Метрична,0.7,7.0
Болти,Болти з шестигранною головкою," DIN 933 8,8 цинк Болт з шестигранною головкою і повною різьбою ","Болт DIN 933 M4x40 8,8 цинк","933-4-40-8,8ц","
                                    1,73                                ",Високоміцне кріплення,Сталь,8.8,Цинк,4.0,"500, 100",Шестигранна,Повна,40,Метрична,0.7,7.0
Болти,Болти з шестигранною головкою," DIN 933 8,8 цинк Болт з шестигранною головкою і повною різьбою ","Болт DIN 933 M4x45 8,8 цинк","933-4-45-8,8ц","
                                    2,10                                ",Високоміцне кріплення,Сталь,8.8,Цинк,4.0,500,Шестигранна,Повна,45,Метрична,0.7,7.0
Болти,Болти з шестигранною головкою," DIN 933 8,8 цинк Болт з шестигранною головкою і повною різьбою ","Болт DIN 933 M4x50 8,8 цинк","933-4-50-8,8ц","
                                    4,54                                ",Високоміцне кріплення,Сталь,8.8,Цинк,4.0,500,Шестигранна,Повна,50,Метрична,0.7,7.0
Болти,Болти з шестигранною головкою," DIN 933 8,8 цинк Болт з шестигранною головкою і повною різьбою ","Болт DIN 933 M4x55 8,8 цинк","933-4-55-8,8ц","
                                    6,07                                ",Високоміцне кріплення,Сталь,8.8,Цинк,4.0,100,Шестигранна,Повна,55,Метрична,0.7,7.0
Болти,Болти з шестигранною головкою," DIN 933 8,8 цинк Болт з шестигранною головкою і повною різьбою ","Болт DIN 933 M4x60 8,8 цинк","933-4-60-8,8ц","
                                    3,01                                ",Високоміцне кріплення,Сталь,8.8,Цинк,4.0,"100, 500",Шестигранна,Повна,60,Метрична,0.7,7.0
Болти,Болти з шестигранною головкою," DIN 933 8,8 цинк Болт з шестигранною головкою і повною різьбою ","Болт DIN 933 M4x65 8,8 цинк","933-4-65-8,8ц","
                                    -                                ",Високоміцне кріплення,Сталь,8.8,Цинк,4.0,,Шестигранна,Повна,65,Метрична,0.7,7.0
Болти,Болти з шестигранною головкою," DIN 933 8,8 цинк Болт з шестигранною головкою і повною різьбою ","Болт DIN 933 M4x70 8,8 цинк","933-4-70-8,8ц","
                                    6,05                                ",Високоміцне кріплення,Сталь,8.8,Цинк,4.0,100,Шестигранна,Повна,70,Метрична,0.7,7.0
Болти,Болти з шестигранною головкою," DIN 933 8,8 цинк Болт з шестигранною головкою і повною різьбою ","Болт DIN 933 M5x6 8,8 цинк","933-5-6-8,8ц","
                                    4,19                                ",Високоміцне кріплення,Сталь,8.8,Цинк,5.0,500,Шестигранна,Повна,6,Метрична,0.8,8.0
Болти,Болти з шестигранною головкою," DIN 933 8,8 цинк Болт з шестигранною головкою і повною різьбою ","Болт DIN 933 M5x8 8,8 цинк","933-5-8-8,8ц","
                                    1,84                                ",Високоміцне кріплення,Сталь,8.8,Цинк,5.0,"500, 100",Шестигранна,Повна,8,Метрична,0.8,8.0
Болти,Болти з шестигранною головкою," DIN 933 8,8 цинк Болт з шестигранною головкою і повною різьбою ","Болт DIN 933 M5x10 8,8 цинк","933-5-10-8,8ц","
                                    1,04                                ",Високоміцне кріплення,Сталь,8.8,Цинк,5.0,"500, 100",Шестигранна,Повна,10,Метрична,0.8,8.0
Болти,Болти з шестигранною головкою," DIN 933 8,8 цинк Болт з шестигранною головкою і повною різьбою ","Болт DIN 933 M5x12 8,8 цинк","933-5-12-8,8ц","
                                    0,86                                ",Високоміцне кріплення,Сталь,8.8,Цинк,5.0,500,Шестигранна,Повна,12,Метрична,0.8,8.0
Болти,Болти з шестигранною головкою," DIN 933 8,8 цинк Болт з шестигранною головкою і повною різьбою ","Болт DIN 933 M5x14 8,8 цинк","933-5-14-8,8ц","
                                    0,90                                ",Високоміцне кріплення,Сталь,8.8,Цинк,5.0,500,Шестигранна,Повна,14,Метрична,0.8,8.0
Болти,Болти з шестигранною головкою," DIN 933 8,8 цинк Болт з шестигранною головкою і повною різьбою ","Болт DIN 933 M5x16 8,8 цинк","933-5-16-8,8ц","
                                    0,94                                ",Високоміцне кріплення,Сталь,8.8,Цинк,5.0,,Шестигранна,Повна,16,Метрична,0.8,8.0
Болти,Болти з шестигранною головкою," DIN 933 8,8 цинк Болт з шестигранною головкою і повною різьбою ","Болт DIN 933 M5x18 8,8 цинк","933-5-18-8,8ц","
                                    1,33                                ",Високоміцне кріплення,Сталь,8.8,Цинк,5.0,500,Шестигранна,Повна,18,Метрична,0.8,8.0
Болти,Болти з шестигранною головкою," DIN 933 8,8 цинк Болт з шестигранною головкою і повною різьбою ","Болт DIN 933 M5x20 8,8 цинк","933-5-20-8,8ц","
                                    1,04                                ",Високоміцне кріплення,Сталь,8.8,Цинк,5.0,500,Шестигранна,Повна,20,Метрична,0.8,8.0
Болти,Болти з шестигранною головкою," DIN 933 8,8 цинк Болт з шестигранною головкою і повною різьбою ","Болт DIN 933 M5x22 8,8 цинк","933-5-22-8,8ц","
                                    2,75                                ",Високоміцне кріплення,Сталь,8.8,Цинк,5.0,500,Шестигранна,Повна,22,Метрична,0.8,8.0
Болти,Болти з шестигранною головкою," DIN 933 8,8 цинк Болт з шестигранною головкою і повною різьбою ","Болт DIN 933 M5x25 8,8 цинк","933-5-25-8,8ц","
                                    1,27                                ",Високоміцне кріплення,Сталь,8.8,Цинк,5.0,500,Шестигранна,Повна,25,Метрична,0.8,8.0
Болти,Болти з шестигранною головкою," DIN 933 8,8 цинк Болт з шестигранною головкою і повною різьбою ","Болт DIN 933 M5x30 8,8 цинк","933-5-30-8,8ц","
                                    1,39                                ",Високоміцне кріплення,Сталь,8.8,Цинк,5.0,500,Шестигранна,Повна,30,Метрична,0.8,8.0
Болти,Болти з шестигранною головкою," DIN 933 8,8 цинк Болт з шестигранною головкою і повною різьбою ","Болт DIN 933 M5x35 8,8 цинк","933-5-35-8,8ц","
                                    1,90                                ",Високоміцне кріплення,Сталь,8.8,Цинк,5.0,200,Шестигранна,Повна,35,Метрична,0.8,8.0
Болти,Болти з шестигранною головкою," DIN 933 8,8 цинк Болт з шестигранною головкою і повною різьбою ","Болт DIN 933 M5x40 8,8 цинк","933-5-40-8,8ц","
                                    1,62                                ",Високоміцне кріплення,Сталь,8.8,Цинк,5.0,"500, 200",Шестигранна,Повна,40,Метрична,0.8,8.0
Болти,Болти з шестигранною головкою," DIN 933 8,8 цинк Болт з шестигранною головкою і повною різьбою ","Болт DIN 933 M5x45 8,8 цинк","933-5-45-8,8ц","
                                    1,95                                ",Високоміцне кріплення,Сталь,8.8,Цинк,5.0,"250, 200",Шестигранна,Повна,45,Метрична,0.8,8.0
Болти,Болти з шестигранною головкою," DIN 933 8,8 цинк Болт з шестигранною головкою і повною різьбою ","Болт DIN 933 M5x50 8,8 цинк","933-5-50-8,8ц","
                                    2,10                                ",Високоміцне кріплення,Сталь,8.8,Цинк,5.0,200,Шестигранна,Повна,50,Метрична,0.8,8.0
Болти,Болти з шестигранною головкою," DIN 933 8,8 цинк Болт з шестигранною головкою і повною різьбою ","Болт DIN 933 M5x55 8,8 цинк","933-5-55-8,8ц","
                                    3,02                                ",Високоміцне кріплення,Сталь,8.8,Цинк,5.0,200,Шестигранна,Повна,55,Метрична,0.8,8.0
Болти,Болти з шестигранною головкою," DIN 933 8,8 цинк Болт з шестигранною головкою і повною різьбою ","Болт DIN 933 M5x60 8,8 цинк","933-5-60-8,8ц","
                                    3,44                                ",Високоміцне кріплення,Сталь,8.8,Цинк,5.0,200,Шестигранна,Повна,60,Метрична,0.8,8.0
Болти,Болти з шестигранною головкою," DIN 933 8,8 цинк Болт з шестигранною головкою і повною різьбою ","Болт DIN 933 M5x65 8,8 цинк","933-5-65-8,8ц","
                                    5,90                                ",Високоміцне кріплення,Сталь,8.8,Цинк,5.0,200,Шестигранна,Повна,65,Метрична,0.8,8.0
Болти,Болти з шестигранною головкою," DIN 933 8,8 цинк Болт з шестигранною головкою і повною різьбою ","Болт DIN 933 M5x70 8,8 цинк","933-5-70-8,8ц","
                                    2,74                                ",Високоміцне кріплення,Сталь,8.8,Цинк,5.0,200,Шестигранна,Повна,70,Метрична,0.8,8.0
Болти,Болти з шестигранною головкою," DIN 933 8,8 цинк Болт з шестигранною головкою і повною різьбою ","Болт DIN 933 M5x75 8,8 цинк","933-5-75-8,8ц","
                                    8,76                                ",Високоміцне кріплення,Сталь,8.8,Цинк,5.0,200,Шестигранна,Повна,75,Метрична,0.8,8.0
Болти,Болти з шестигранною головкою," DIN 933 8,8 цинк Болт з шестигранною головкою і повною різьбою ","Болт DIN 933 M5x80 8,8 цинк","933-5-80-8,8ц","
                                    8,76                                ",Високоміцне кріплення,Сталь,8.8,Цинк,5.0,200,Шестигранна,Повна,80,Метрична,0.8,8.0
Болти,Болти з шестигранною головкою," DIN 933 8,8 цинк Болт з шестигранною головкою і повною різьбою ","Болт DIN 933 M5x90 8,8 цинк","933-5-90-8,8ц","
                                    12,96                                ",Високоміцне кріплення,Сталь,8.8,Цинк,5.0,200,Шестигранна,Повна,90,Метрична,0.8,8.0
Болти,Болти з шестигранною головкою," DIN 933 8,8 цинк Болт з шестигранною головкою і повною різьбою ","Болт DIN 933 M5x100 8,8 цинк","933-5-100-8,8ц","
                                    13,26                                ",Високоміцне кріплення,Сталь,8.8,Цинк,5.0,200,Шестигранна,Повна,100,Метрична,0.8,8.0
Болти,Болти з шестигранною головкою," DIN 933 8,8 цинк Болт з шестигранною головкою і повною різьбою ","Болт DIN 933 M6x6 8,8 цинк","933-6-6-8,8ц","
                                    3,95                                ",Високоміцне кріплення,Сталь,8.8,Цинк,6.0,"500, 100",Шестигранна,Повна,6,Метрична,1.0,10.0
Болти,Болти з шестигранною головкою," DIN 933 8,8 цинк Болт з шестигранною головкою і повною різьбою ","Болт DIN 933 M6x8 8,8 цинк","933-6-8-8,8ц","
                                    1,66                                ",Високоміцне кріплення,Сталь,8.8,Цинк,6.0,"500, 100, 250",Шестигранна,Повна,8,Метрична,1.0,10.0
Болти,Болти з шестигранною головкою," DIN 933 8,8 цинк Болт з шестигранною головкою і повною різьбою ","Болт DIN 933 M6x10 8,8 цинк","933-6-10-8,8ц","
                                    1,21                                ",Високоміцне кріплення,Сталь,8.8,Цинк,6.0,"500, 1000, 100",Шестигранна,Повна,10,Метрична,1.0,10.0
Болти,Болти з шестигранною головкою," DIN 933 8,8 цинк Болт з шестигранною головкою і повною різьбою ","Болт DIN 933 M6x12 8,8 цинк","933-6-12-8,8ц","
                                    1,27                                ",Високоміцне кріплення,Сталь,8.8,Цинк,6.0,500,Шестигранна,Повна,12,Метрична,1.0,10.0
Болти,Болти з шестигранною головкою," DIN 933 8,8 цинк Болт з шестигранною головкою і повною різьбою ","Болт DIN 933 M6x14 8,8 цинк","933-6-14-8,8ц","
                                    1,31                                ",Високоміцне кріплення,Сталь,8.8,Цинк,6.0,500,Шестигранна,Повна,14,Метрична,1.0,10.0
Болти,Болти з шестигранною головкою," DIN 933 8,8 цинк Болт з шестигранною головкою і повною різьбою ","Болт DIN 933 M6x16 8,8 цинк","933-6-16-8,8ц","
                                    1,39                                ",Високоміцне кріплення,Сталь,8.8,Цинк,6.0,500,Шестигранна,Повна,16,Метрична,1.0,10.0
Болти,Болти з шестигранною головкою," DIN 933 8,8 цинк Болт з шестигранною головкою і повною різьбою ","Болт DIN 933 M6x18 8,8 цинк","933-6-18-8,8ц","
                                    1,65                                ",Високоміцне кріплення,Сталь,8.8,Цинк,6.0,"500, 100",Шестигранна,Повна,18,Метрична,1.0,10.0
Болти,Болти з шестигранною головкою," DIN 933 8,8 цинк Болт з шестигранною головкою і повною різьбою ","Болт DIN 933 M6x20 8,8 цинк","933-6-20-8,8ц","
                                    1,46                                ",Високоміцне кріплення,Сталь,8.8,Цинк,6.0,500,Шестигранна,Повна,20,Метрична,1.0,10.0
Болти,Болти з шестигранною головкою," DIN 933 8,8 цинк Болт з шестигранною головкою і повною різьбою ","Болт DIN 933 M6x22 8,8 цинк","933-6-22-8,8ц","
                                    2,59                                ",Високоміцне кріплення,Сталь,8.8,Цинк,6.0,"500, 100",Шестигранна,Повна,22,Метрична,1.0,10.0
Болти,Болти з шестигранною головкою," DIN 933 8,8 цинк Болт з шестигранною головкою і повною різьбою ","Болт DIN 933 M6x25 8,8 цинк","933-6-25-8,8ц","
                                    1,69                                ",Високоміцне кріплення,Сталь,8.8,Цинк,6.0,500,Шестигранна,Повна,25,Метрична,1.0,10.0
Болти,Болти з шестигранною головкою," DIN 933 8,8 цинк Болт з шестигранною головкою і повною різьбою ","Болт DIN 933 M6x28 8,8 цинк","933-6-28-8,8ц","
                                    3,41                                ",Високоміцне кріплення,Сталь,8.8,Цинк,6.0,500,Шестигранна,Повна,28,Метрична,1.0,10.0
Болти,Болти з шестигранною головкою," DIN 933 8,8 цинк Болт з шестигранною головкою і повною різьбою ","Болт DIN 933 M6x30 8,8 цинк","933-6-30-8,8ц","
                                    1,84                                ",Високоміцне кріплення,Сталь,8.8,Цинк,6.0,500,Шестигранна,Повна,30,Метрична,1.0,10.0
Болти,Болти з шестигранною головкою," DIN 933 8,8 цинк Болт з шестигранною головкою і повною різьбою ","Болт DIN 933 M6x35 8,8 цинк","933-6-35-8,8ц","
                                    2,44                                ",Високоміцне кріплення,Сталь,8.8,Цинк,6.0,"250, 200",Шестигранна,Повна,35,Метрична,1.0,10.0
Болти,Болти з шестигранною головкою," DIN 933 8,8 цинк Болт з шестигранною головкою і повною різьбою ","Болт DIN 933 M6x40 8,8 цинк","933-6-40-8,8ц","
                                    1,94                                ",Високоміцне кріплення,Сталь,8.8,Цинк,6.0,200,Шестигранна,Повна,40,Метрична,1.0,10.0
Болти,Болти з шестигранною головкою," DIN 933 8,8 цинк Болт з шестигранною головкою і повною різьбою ","Болт DIN 933 M6x45 8,8 цинк","933-6-45-8,8ц","
                                    2,98                                ",Високоміцне кріплення,Сталь,8.8,Цинк,6.0,200,Шестигранна,Повна,45,Метрична,1.0,10.0
Болти,Болти з шестигранною головкою," DIN 933 8,8 цинк Болт з шестигранною головкою і повною різьбою ","Болт DIN 933 M6x50 8,8 цинк","933-6-50-8,8ц","
                                    2,81                                ",Високоміцне кріплення,Сталь,8.8,Цинк,6.0,200,Шестигранна,Повна,50,Метрична,1.0,10.0
Болти,Болти з шестигранною головкою," DIN 933 8,8 цинк Болт з шестигранною головкою і повною різьбою ","Болт DIN 933 M6x55 8,8 цинк","933-6-55-8,8ц","
                                    3,47                                ",Високоміцне кріплення,Сталь,8.8,Цинк,6.0,200,Шестигранна,Повна,55,Метрична,1.0,10.0
Болти,Болти з шестигранною головкою," DIN 933 8,8 цинк Болт з шестигранною головкою і повною різьбою ","Болт DIN 933 M6x60 8,8 цинк","933-6-60-8,8ц","
                                    3,19                                ",Високоміцне кріплення,Сталь,8.8,Цинк,6.0,200,Шестигранна,Повна,60,Метрична,1.0,10.0
Болти,Болти з шестигранною головкою," DIN 933 8,8 цинк Болт з шестигранною головкою і повною різьбою ","Болт DIN 933 M6x65 8,8 цинк","933-6-65-8,8ц","
                                    3,97                                ",Високоміцне кріплення,Сталь,8.8,Цинк,6.0,200,Шестигранна,Повна,65,Метрична,1.0,10.0
Болти,Болти з шестигранною головкою," DIN 933 8,8 цинк Болт з шестигранною головкою і повною різьбою ","Болт DIN 933 M6x70 8,8 цинк","933-6-70-8,8ц","
                                    3,67                                ",Високоміцне кріплення,Сталь,8.8,Цинк,6.0,200,Шестигранна,Повна,70,Метрична,1.0,10.0
Болти,Болти з шестигранною головкою," DIN 933 8,8 цинк Болт з шестигранною головкою і повною різьбою ","Болт DIN 933 M6x75 8,8 цинк","933-6-75-8,8ц","
                                    4,10                                ",Високоміцне кріплення,Сталь,8.8,Цинк,6.0,200,Шестигранна,Повна,75,Метрична,1.0,10.0
Болти,Болти з шестигранною головкою," DIN 933 8,8 цинк Болт з шестигранною головкою і повною різьбою ","Болт DIN 933 M6x80 8,8 цинк","933-6-80-8,8ц","
                                    4,43                                ",Високоміцне кріплення,Сталь,8.8,Цинк,6.0,200,Шестигранна,Повна,80,Метрична,1.0,10.0
Болти,Болти з шестигранною головкою," DIN 933 8,8 цинк Болт з шестигранною головкою і повною різьбою ","Болт DIN 933 M6x85 8,8 цинк","933-6-85-8,8ц","
                                    13,15                                ",Високоміцне кріплення,Сталь,8.8,Цинк,6.0,200,Шестигранна,Повна,85,Метрична,1.0,10.0
Болти,Болти з шестигранною головкою," DIN 933 8,8 цинк Болт з шестигранною головкою і повною різьбою ","Болт DIN 933 M6x90 8,8 цинк","933-6-90-8,8ц","
                                    5,34                                ",Високоміцне кріплення,Сталь,8.8,Цинк,6.0,"200, 100",Шестигранна,Повна,90,Метрична,1.0,10.0
Болти,Болти з шестигранною головкою," DIN 933 8,8 цинк Болт з шестигранною головкою і повною різьбою ","Болт DIN 933 M6x100 8,8 цинк","933-6-100-8,8ц","
                                    5,62                                ",Високоміцне кріплення,Сталь,8.8,Цинк,6.0,100,Шестигранна,Повна,100,Метрична,1.0,10.0
Болти,Болти з шестигранною головкою," DIN 933 8,8 цинк Болт з шестигранною головкою і повною різьбою ","Болт DIN 933 M6x110 8,8 цинк","933-6-110-8,8ц","
                                    23,76                                ",Високоміцне кріплення,Сталь,8.8,Цинк,6.0,100,Шестигранна,Повна,110,Метрична,1.0,10.0
Болти,Болти з шестигранною головкою," DIN 933 8,8 цинк Болт з шестигранною головкою і повною різьбою ","Болт DIN 933 M6x120 8,8 цинк","933-6-120-8,8ц","
                                    7,56                                ",Високоміцне кріплення,Сталь,8.8,Цинк,6.0,100,Шестигранна,Повна,120,Метрична,1.0,10.0
Болти,Болти з шестигранною головкою," DIN 933 8,8 цинк Болт з шестигранною головкою і повною різьбою ","Болт DIN 933 M6x130 8,8 цинк","933-6-130-8,8ц","
                                    23,34                                ",Високоміцне кріплення,Сталь,8.8,Цинк,6.0,100,Шестигранна,Повна,130,Метрична,1.0,10.0
Болти,Болти з шестигранною головкою," DIN 933 8,8 цинк Болт з шестигранною головкою і повною різьбою ","Болт DIN 933 M6x140 8,8 цинк","933-6-140-8,8ц","
                                    24,99                                ",Високоміцне кріплення,Сталь,8.8,Цинк,6.0,100,Шестигранна,Повна,140,Метрична,1.0,10.0
Болти,Болти з шестигранною головкою," DIN 933 8,8 цинк Болт з шестигранною головкою і повною різьбою ","Болт DIN 933 M6x150 8,8 цинк","933-6-150-8,8ц","
                                    27,13                                ",Високоміцне кріплення,Сталь,8.8,Цинк,6.0,100,Шестигранна,Повна,150,Метрична,1.0,10.0
Болти,Болти з шестигранною головкою," DIN 933 8,8 цинк Болт з шестигранною головкою і повною різьбою ","Болт DIN 933 M7x12 8,8 цинк","933-7-12-8,8ц","
                                    6,29                                ",Високоміцне кріплення,Сталь,8.8,Цинк,7.0,500,Шестигранна,Повна,12,Метрична,1.0,11.0
Болти,Болти з шестигранною головкою," DIN 933 8,8 цинк Болт з шестигранною головкою і повною різьбою ","Болт DIN 933 M7x16 8,8 цинк","933-7-16-8,8ц","
                                    3,00                                ",Високоміцне кріплення,Сталь,8.8,Цинк,7.0,500,Шестигранна,Повна,16,Метрична,1.0,11.0
Болти,Болти з шестигранною головкою," DIN 933 8,8 цинк Болт з шестигранною головкою і повною різьбою ","Болт DIN 933 M7x20 8,8 цинк","933-7-20-8,8ц","
                                    5,75                                ",Високоміцне кріплення,Сталь,8.8,Цинк,7.0,500,Шестигранна,Повна,20,Метрична,1.0,11.0
Болти,Болти з шестигранною головкою," DIN 933 8,8 цинк Болт з шестигранною головкою і повною різьбою ","Болт DIN 933 M7x25 8,8 цинк","933-7-25-8,8ц","
                                    3,82                                ",Високоміцне кріплення,Сталь,8.8,Цинк,7.0,500,Шестигранна,Повна,25,Метрична,1.0,11.0
Болти,Болти з шестигранною головкою," DIN 933 8,8 цинк Болт з шестигранною головкою і повною різьбою ","Болт DIN 933 M7x30 8,8 цинк","933-7-30-8,8ц","
                                    4,32                                ",Високоміцне кріплення,Сталь,8.8,Цинк,7.0,500,Шестигранна,Повна,30,Метрична,1.0,11.0
Болти,Болти з шестигранною головкою," DIN 933 8,8 цинк Болт з шестигранною головкою і повною різьбою ","Болт DIN 933 M7x35 8,8 цинк","933-7-35-8,8ц","
                                    4,78                                ",Високоміцне кріплення,Сталь,8.8,Цинк,7.0,200,Шестигранна,Повна,35,Метрична,1.0,11.0
Болти,Болти з шестигранною головкою," DIN 933 8,8 цинк Болт з шестигранною головкою і повною різьбою ","Болт DIN 933 M7x40 8,8 цинк","933-7-40-8,8ц","
                                    8,31                                ",Високоміцне кріплення,Сталь,8.8,Цинк,7.0,"100, 500, 200",Шестигранна,Повна,40,Метрична,1.0,11.0
Болти,Болти з шестигранною головкою," DIN 933 8,8 цинк Болт з шестигранною головкою і повною різьбою ","Болт DIN 933 M7x45 8,8 цинк","933-7-45-8,8ц","
                                    10,43                                ",Високоміцне кріплення,Сталь,8.8,Цинк,7.0,200,Шестигранна,Повна,45,Метрична,1.0,11.0
Болти,Болти з шестигранною головкою," DIN 933 8,8 цинк Болт з шестигранною головкою і повною різьбою ","Болт DIN 933 M7x50 8,8 цинк","933-7-50-8,8ц","
                                    5,40                                ",Високоміцне кріплення,Сталь,8.8,Цинк,7.0,200,Шестигранна,Повна,50,Метрична,1.0,11.0
Болти,Болти з шестигранною головкою," DIN 933 8,8 цинк Болт з шестигранною головкою і повною різьбою ","Болт DIN 933 M7x60 8,8 цинк","933-7-60-8,8ц","
                                    6,78                                ",Високоміцне кріплення,Сталь,8.8,Цинк,7.0,200,Шестигранна,Повна,60,Метрична,1.0,11.0
Болти,Болти з шестигранною головкою," DIN 933 8,8 цинк Болт з шестигранною головкою і повною різьбою ","Болт DIN 933 M7x80 8,8 цинк","933-7-80-8,8ц","
                                    9,06                                ",Високоміцне кріплення,Сталь,8.8,Цинк,7.0,200,Шестигранна,Повна,80,Метрична,1.0,11.0
Болти,Болти з шестигранною головкою," DIN 933 8,8 цинк Болт з шестигранною головкою і повною різьбою ","Болт DIN 933 M8x8 8,8 цинк","933-8-8-8,8ц","
                                    7,79                                ",Високоміцне кріплення,Сталь,8.8,Цинк,8.0,200,Шестигранна,Повна,8,Метрична,1.25,13.0
Болти,Болти з шестигранною головкою," DIN 933 8,8 цинк Болт з шестигранною головкою і повною різьбою ","Болт DIN 933 M8x10 8,8 цинк","933-8-10-8,8ц","
                                    2,70                                ",Високоміцне кріплення,Сталь,8.8,Цинк,8.0,"600, 200",Шестигранна,Повна,10,Метрична,1.25,13.0
Болти,Болти з шестигранною головкою," DIN 933 8,8 цинк Болт з шестигранною головкою і повною різьбою ","Болт DIN 933 M8x12 8,8 цинк","933-8-12-8,8ц","
                                    2,47                                ",Високоміцне кріплення,Сталь,8.8,Цинк,8.0,200,Шестигранна,Повна,12,Метрична,1.25,13.0
Болти,Болти з шестигранною головкою," DIN 933 8,8 цинк Болт з шестигранною головкою і повною різьбою ","Болт DIN 933 M8x14 8,8 цинк","933-8-14-8,8ц","
                                    3,02                                ",Високоміцне кріплення,Сталь,8.8,Цинк,8.0,200,Шестигранна,Повна,14,Метрична,1.25,13.0
Болти,Болти з шестигранною головкою," DIN 933 8,8 цинк Болт з шестигранною головкою і повною різьбою ","Болт DIN 933 M8x16 8,8 цинк","933-8-16-8,8ц","
                                    2,59                                ",Високоміцне кріплення,Сталь,8.8,Цинк,8.0,"250, 200",Шестигранна,Повна,16,Метрична,1.25,13.0
Болти,Болти з шестигранною головкою," DIN 933 8,8 цинк Болт з шестигранною головкою і повною різьбою ","Болт DIN 933 M8x18 8,8 цинк","933-8-18-8,8ц","
                                    2,89                                ",Високоміцне кріплення,Сталь,8.8,Цинк,8.0,"300, 200",Шестигранна,Повна,18,Метрична,1.25,13.0
Болти,Болти з шестигранною головкою," DIN 933 8,8 цинк Болт з шестигранною головкою і повною різьбою ","Болт DIN 933 M8x20 8,8 цинк","933-8-20-8,8ц","
                                    2,96                                ",Високоміцне кріплення,Сталь,8.8,Цинк,8.0,200,Шестигранна,Повна,20,Метрична,1.25,13.0
Болти,Болти з шестигранною головкою," DIN 933 8,8 цинк Болт з шестигранною головкою і повною різьбою ","Болт DIN 933 M8x22 8,8 цинк","933-8-22-8,8ц","
                                    3,41                                ",Високоміцне кріплення,Сталь,8.8,Цинк,8.0,200,Шестигранна,Повна,22,Метрична,1.25,13.0
Болти,Болти з шестигранною головкою," DIN 933 8,8 цинк Болт з шестигранною головкою і повною різьбою ","Болт DIN 933 M8x25 8,8 цинк","933-8-25-8,8ц","
                                    3,60                                ",Високоміцне кріплення,Сталь,8.8,Цинк,8.0,200,Шестигранна,Повна,25,Метрична,1.25,13.0
Болти,Болти з шестигранною головкою," DIN 933 8,8 цинк Болт з шестигранною головкою і повною різьбою ","Болт DIN 933 M8x28 8,8 цинк","933-8-28-8,8ц","
                                    8,46                                ",Високоміцне кріплення,Сталь,8.8,Цинк,8.0,200,Шестигранна,Повна,28,Метрична,1.25,13.0
Болти,Болти з шестигранною головкою," DIN 933 8,8 цинк Болт з шестигранною головкою і повною різьбою ","Болт DIN 933 M8x30 8,8 цинк","933-8-30-8,8ц","
                                    3,02                                ",Високоміцне кріплення,Сталь,8.8,Цинк,8.0,200,Шестигранна,Повна,30,Метрична,1.25,13.0
Болти,Болти з шестигранною головкою," DIN 933 8,8 цинк Болт з шестигранною головкою і повною різьбою ","Болт DIN 933 M8x35 8,8 цинк","933-8-35-8,8ц","
                                    3,24                                ",Високоміцне кріплення,Сталь,8.8,Цинк,8.0,200,Шестигранна,Повна,35,Метрична,1.25,13.0
Болти,Болти з шестигранною головкою," DIN 933 8,8 цинк Болт з шестигранною головкою і повною різьбою ","Болт DIN 933 M8x40 8,8 цинк","933-8-40-8,8ц","
                                    3,78                                ",Високоміцне кріплення,Сталь,8.8,Цинк,8.0,200,Шестигранна,Повна,40,Метрична,1.25,13.0
Болти,Болти з шестигранною головкою," DIN 933 8,8 цинк Болт з шестигранною головкою і повною різьбою ","Болт DIN 933 M8x45 8,8 цинк","933-8-45-8,8ц","
                                    3,78                                ",Високоміцне кріплення,Сталь,8.8,Цинк,8.0,200,Шестигранна,Повна,45,Метрична,1.25,13.0
Болти,Болти з шестигранною головкою," DIN 933 8,8 цинк Болт з шестигранною головкою і повною різьбою ","Болт DIN 933 M8x50 8,8 цинк","933-8-50-8,8ц","
                                    4,32                                ",Високоміцне кріплення,Сталь,8.8,Цинк,8.0,"200, 100",Шестигранна,Повна,50,Метрична,1.25,13.0
Болти,Болти з шестигранною головкою," DIN 933 8,8 цинк Болт з шестигранною головкою і повною різьбою ","Болт DIN 933 M8x55 8,8 цинк","933-8-55-8,8ц","
                                    5,94                                ",Високоміцне кріплення,Сталь,8.8,Цинк,8.0,"100, 150, 200",Шестигранна,Повна,55,Метрична,1.25,13.0
Болти,Болти з шестигранною головкою," DIN 933 8,8 цинк Болт з шестигранною головкою і повною різьбою ","Болт DIN 933 M8x60 8,8 цинк L","933-8-60-8,8 L","
                                    -                                ",Високоміцне кріплення,Сталь,8.8,Цинк,8.0,1000,Шестигранна,Повна,60,Метрична,,
Болти,Болти з шестигранною головкою," DIN 933 8,8 цинк Болт з шестигранною головкою і повною різьбою ","Болт DIN 933 M8x60 8,8 цинк","933-8-60-8,8ц","
                                    5,18                                ",Високоміцне кріплення,Сталь,8.8,Цинк,8.0,200,Шестигранна,Повна,60,Метрична,1.25,13.0
Болти,Болти з шестигранною головкою," DIN 933 8,8 цинк Болт з шестигранною головкою і повною різьбою ","Болт DIN 933 M8x65 8,8 цинк","933-8-65-8,8ц","
                                    6,97                                ",Високоміцне кріплення,Сталь,8.8,Цинк,8.0,"100, 200",Шестигранна,Повна,65,Метрична,1.25,13.0
Болти,Болти з шестигранною головкою," DIN 933 8,8 цинк Болт з шестигранною головкою і повною різьбою ","Болт DIN 933 M8x70 8,8 цинк","933-8-70-8,8ц","
                                    7,65                                ",Високоміцне кріплення,Сталь,8.8,Цинк,8.0,"200, 100",Шестигранна,Повна,70,Метрична,1.25,13.0
Болти,Болти з шестигранною головкою," DIN 933 8,8 цинк Болт з шестигранною головкою і повною різьбою ","Болт DIN 933 M8x75 8,8 цинк","933-8-75-8,8ц","
                                    7,96                                ",Високоміцне кріплення,Сталь,8.8,Цинк,8.0,200,Шестигранна,Повна,75,Метрична,1.25,13.0
Болти,Болти з шестигранною головкою," DIN 933 8,8 цинк Болт з шестигранною головкою і повною різьбою ","Болт DIN 933 M8x80 8,8 цинк","933-8-80-8,8ц","
                                    8,10                                ",Високоміцне кріплення,Сталь,8.8,Цинк,8.0,"100, 200",Шестигранна,Повна,80,Метрична,1.25,13.0
Болти,Болти з шестигранною головкою," DIN 933 8,8 цинк Болт з шестигранною головкою і повною різьбою ","Болт DIN 933 M8x85 8,8 цинк","933-8-85-8,8ц","
                                    16,50                                ",Високоміцне кріплення,Сталь,8.8,Цинк,8.0,200,Шестигранна,Повна,85,Метрична,1.25,13.0
Болти,Болти з шестигранною головкою," DIN 933 8,8 цинк Болт з шестигранною головкою і повною різьбою ","Болт DIN 933 M8x90 8,8 цинк","933-8-90-8,8ц","
                                    6,45                                ",Високоміцне кріплення,Сталь,8.8,Цинк,8.0,100,Шестигранна,Повна,90,Метрична,1.25,13.0
Болти,Болти з шестигранною головкою," DIN 933 8,8 цинк Болт з шестигранною головкою і повною різьбою ","Болт DIN 933 M8x95 8,8 цинк","933-8-95-8,8ц","
                                    14,31                                ",Високоміцне кріплення,Сталь,8.8,Цинк,8.0,100,Шестигранна,Повна,95,Метрична,1.25,13.0
Болти,Болти з шестигранною головкою," DIN 933 8,8 цинк Болт з шестигранною головкою і повною різьбою ","Болт DIN 933 M8x100 8,8 цинк","933-8-100-8,8ц","
                                    9,67                                ",Високоміцне кріплення,Сталь,8.8,Цинк,8.0,100,Шестигранна,Повна,100,Метрична,1.25,13.0
Болти,Болти з шестигранною головкою," DIN 933 8,8 цинк Болт з шестигранною головкою і повною різьбою ","Болт DIN 933 M8x110 8,8 цинк","933-8-110-8,8ц","
                                    10,98                                ",Високоміцне кріплення,Сталь,8.8,Цинк,8.0,100,Шестигранна,Повна,110,Метрична,1.25,13.0
Болти,Болти з шестигранною головкою," DIN 933 8,8 цинк Болт з шестигранною головкою і повною різьбою ","Болт DIN 933 M8x120 8,8 цинк","933-8-120-8,8ц","
                                    10,80                                ",Високоміцне кріплення,Сталь,8.8,Цинк,8.0,100,Шестигранна,Повна,120,Метрична,1.25,13.0
Болти,Болти з шестигранною головкою," DIN 933 8,8 цинк Болт з шестигранною головкою і повною різьбою ","Болт DIN 933 M8x130 8,8 цинк","933-8-130-8,8ц","
                                    37,23                                ",Високоміцне кріплення,Сталь,8.8,Цинк,8.0,100,Шестигранна,Повна,130,Метрична,1.25,13.0
Болти,Болти з шестигранною головкою," DIN 933 8,8 цинк Болт з шестигранною головкою і повною різьбою ","Болт DIN 933 M8x140 8,8 цинк","933-8-140-8,8ц","
                                    13,14                                ",Високоміцне кріплення,Сталь,8.8,Цинк,8.0,100,Шестигранна,Повна,140,Метрична,1.25,13.0
Болти,Болти з шестигранною головкою," DIN 933 8,8 цинк Болт з шестигранною головкою і повною різьбою ","Болт DIN 933 M8x150 8,8 цинк","933-8-150-8,8ц","
                                    13,83                                ",Високоміцне кріплення,Сталь,8.8,Цинк,8.0,"100, 50",Шестигранна,Повна,150,Метрична,1.25,13.0
Болти,Болти з шестигранною головкою," DIN 933 8,8 цинк Болт з шестигранною головкою і повною різьбою ","Болт DIN 933 M8x160 8,8 цинк","933-8-160-8,8ц","
                                    43,93                                ",Високоміцне кріплення,Сталь,8.8,Цинк,8.0,100,Шестигранна,Повна,160,Метрична,1.25,13.0
Болти,Болти з шестигранною головкою," DIN 933 8,8 цинк Болт з шестигранною головкою і повною різьбою ","Болт DIN 933 M8x170 8,8 цинк","933-8-170-8,8ц","
                                    47,84                                ",Високоміцне кріплення,Сталь,8.8,Цинк,8.0,100,Шестигранна,Повна,170,Метрична,1.25,13.0
Болти,Болти з шестигранною головкою," DIN 933 8,8 цинк Болт з шестигранною головкою і повною різьбою ","Болт DIN 933 M8x180 8,8 цинк","933-8-180-8,8ц","
                                    67,95                                ",Високоміцне кріплення,Сталь,8.8,Цинк,8.0,100,Шестигранна,Повна,180,Метрична,1.25,13.0
Болти,Болти з шестигранною головкою," DIN 933 8,8 цинк Болт з шестигранною головкою і повною різьбою ","Болт DIN 933 M8x190 8,8 цинк","933-8-190-8,8ц","
                                    57,23                                ",Високоміцне кріплення,Сталь,8.8,Цинк,8.0,100,Шестигранна,Повна,190,Метрична,1.25,13.0
Болти,Болти з шестигранною головкою," DIN 933 8,8 цинк Болт з шестигранною головкою і повною різьбою ","Болт DIN 933 M8x200 8,8 цинк","933-8-200-8,8ц","
                                    66,16                                ",Високоміцне кріплення,Сталь,8.8,Цинк,8.0,100,Шестигранна,Повна,200,Метрична,1.25,13.0
Болти,Болти з шестигранною головкою," DIN 933 8,8 цинк Болт з шестигранною головкою і повною різьбою ","Болт DIN 933 M10x10 8,8 цинк","933-10-10-8,8ц","
                                    6,48                                ",Високоміцне кріплення,Сталь,8.8,Цинк,10.0,200,Шестигранна,Повна,10,Метрична,1.5,17.0
Болти,Болти з шестигранною головкою," DIN 933 8,8 цинк Болт з шестигранною головкою і повною різьбою ","Болт DIN 933 M10x12 8,8 цинк","933-10-12-8,8ц","
                                    5,83                                ",Високоміцне кріплення,Сталь,8.8,Цинк,10.0,200,Шестигранна,Повна,12,Метрична,1.5,17.0
Болти,Болти з шестигранною головкою," DIN 933 8,8 цинк Болт з шестигранною головкою і повною різьбою ","Болт DIN 933 M10x14 8,8 цинк","933-10-14-8,8ц","
                                    5,40                                ",Високоміцне кріплення,Сталь,8.8,Цинк,10.0,200,Шестигранна,Повна,14,Метрична,1.5,17.0
Болти,Болти з шестигранною головкою," DIN 933 8,8 цинк Болт з шестигранною головкою і повною різьбою ","Болт DIN 933 M10x16 8,8 цинк","933-10-16-8,8ц","
                                    4,75                                ",Високоміцне кріплення,Сталь,8.8,Цинк,10.0,200,Шестигранна,Повна,16,Метрична,1.5,17.0
Болти,Болти з шестигранною головкою," DIN 933 8,8 цинк Болт з шестигранною головкою і повною різьбою ","Болт DIN 933 M10x18 8,8 цинк","933-10-18-8,8ц","
                                    6,95                                ",Високоміцне кріплення,Сталь,8.8,Цинк,10.0,200,Шестигранна,Повна,18,Метрична,1.5,17.0
Болти,Болти з шестигранною головкою," DIN 933 8,8 цинк Болт з шестигранною головкою і повною різьбою ","Болт DIN 933 M10x20 8,8 цинк","933-10-20-8,8ц","
                                    5,10                                ",Високоміцне кріплення,Сталь,8.8,Цинк,10.0,200,Шестигранна,Повна,20,Метрична,1.5,17.0
Болти,Болти з шестигранною головкою," DIN 933 8,8 цинк Болт з шестигранною головкою і повною різьбою ","Болт DIN 933 M10x22 8,8 цинк","933-10-22-8,8ц","
                                    8,21                                ",Високоміцне кріплення,Сталь,8.8,Цинк,10.0,200,Шестигранна,Повна,22,Метрична,1.5,17.0
Болти,Болти з шестигранною головкою," DIN 933 8,8 цинк Болт з шестигранною головкою і повною різьбою ","Болт DIN 933 M10x25 8,8 цинк","933-10-25-8,8ц","
                                    4,32                                ",Високоміцне кріплення,Сталь,8.8,Цинк,10.0,200,Шестигранна,Повна,25,Метрична,1.5,17.0
Болти,Болти з шестигранною головкою," DIN 933 8,8 цинк Болт з шестигранною головкою і повною різьбою ","Болт DIN 933 M10x28 8,8 цинк","933-10-28-8,8ц","
                                    10,33                                ",Високоміцне кріплення,Сталь,8.8,Цинк,10.0,200,Шестигранна,Повна,28,Метрична,1.5,17.0
Болти,Болти з шестигранною головкою," DIN 933 8,8 цинк Болт з шестигранною головкою і повною різьбою ","Болт DIN 933 M10x30 8,8 цинк","933-10-30-8,8ц","
                                    4,75                                ",Високоміцне кріплення,Сталь,8.8,Цинк,10.0,200,Шестигранна,Повна,30,Метрична,1.5,17.0
Болти,Болти з шестигранною головкою," DIN 933 8,8 цинк Болт з шестигранною головкою і повною різьбою ","Болт DIN 933 M10x35 8,8 цинк","933-10-35-8,8ц","
                                    6,91                                ",Високоміцне кріплення,Сталь,8.8,Цинк,10.0,100,Шестигранна,Повна,35,Метрична,1.5,17.0
Болти,Болти з шестигранною головкою," DIN 933 8,8 цинк Болт з шестигранною головкою і повною різьбою ","Болт DIN 933 M10x40 8,8 цинк","933-10-40-8,8ц","
                                    6,91                                ",Високоміцне кріплення,Сталь,8.8,Цинк,10.0,100,Шестигранна,Повна,40,Метрична,1.5,17.0
Болти,Болти з шестигранною головкою," DIN 933 8,8 цинк Болт з шестигранною головкою і повною різьбою ","Болт DIN 933 M10x45 8,8 цинк","933-10-45-8,8ц","
                                    6,91                                ",Високоміцне кріплення,Сталь,8.8,Цинк,10.0,100,Шестигранна,Повна,45,Метрична,1.5,17.0
Болти,Болти з шестигранною головкою," DIN 933 8,8 цинк Болт з шестигранною головкою і повною різьбою ","Болт DIN 933 M10x50 8,8 цинк","933-10-50-8,8ц","
                                    6,48                                ",Високоміцне кріплення,Сталь,8.8,Цинк,10.0,100,Шестигранна,Повна,50,Метрична,1.5,17.0
Болти,Болти з шестигранною головкою," DIN 933 8,8 цинк Болт з шестигранною головкою і повною різьбою ","Болт DIN 933 M10x55 8,8 цинк","933-10-55-8,8ц","
                                    6,91                                ",Високоміцне кріплення,Сталь,8.8,Цинк,10.0,100,Шестигранна,Повна,55,Метрична,1.5,17.0
Болти,Болти з шестигранною головкою," DIN 933 8,8 цинк Болт з шестигранною головкою і повною різьбою ","Болт DIN 933 M10x60 8,8 цинк","933-10-60-8,8ц","
                                    10,76                                ",Високоміцне кріплення,Сталь,8.8,Цинк,10.0,100,Шестигранна,Повна,60,Метрична,1.5,17.0
Болти,Болти з шестигранною головкою," DIN 933 8,8 цинк Болт з шестигранною головкою і повною різьбою ","Болт DIN 933 M10x65 8,8 цинк","933-10-65-8,8ц","
                                    11,63                                ",Високоміцне кріплення,Сталь,8.8,Цинк,10.0,100,Шестигранна,Повна,65,Метрична,1.5,17.0
Болти,Болти з шестигранною головкою," DIN 933 8,8 цинк Болт з шестигранною головкою і повною різьбою ","Болт DIN 933 M10x70 8,8 цинк","933-10-70-8,8ц","
                                    11,89                                ",Високоміцне кріплення,Сталь,8.8,Цинк,10.0,100,Шестигранна,Повна,70,Метрична,1.5,17.0
Болти,Болти з шестигранною головкою," DIN 933 8,8 цинк Болт з шестигранною головкою і повною різьбою ","Болт DIN 933 M10x75 8,8 цинк","933-10-75-8,8ц","
                                    12,52                                ",Високоміцне кріплення,Сталь,8.8,Цинк,10.0,100,Шестигранна,Повна,75,Метрична,1.5,17.0
Болти,Болти з шестигранною головкою," DIN 933 8,8 цинк Болт з шестигранною головкою і повною різьбою ","Болт DIN 933 M10x80 8,8 цинк","933-10-80-8,8ц","
                                    9,07                                ",Високоміцне кріплення,Сталь,8.8,Цинк,10.0,"50, 100",Шестигранна,Повна,80,Метрична,1.5,17.0
Болти,Болти з шестигранною головкою," DIN 933 8,8 цинк Болт з шестигранною головкою і повною різьбою ","Болт DIN 933 M10x85 8,8 цинк","933-10-85-8,8ц","
                                    17,28                                ",Високоміцне кріплення,Сталь,8.8,Цинк,10.0,100,Шестигранна,Повна,85,Метрична,1.5,17.0
Болти,Болти з шестигранною головкою," DIN 933 8,8 цинк Болт з шестигранною головкою і повною різьбою ","Болт DIN 933 M10x90 8,8 цинк","933-10-90-8,8ц","
                                    10,80                                ",Високоміцне кріплення,Сталь,8.8,Цинк,10.0,"50, 100",Шестигранна,Повна,90,Метрична,1.5,17.0
Болти,Болти з шестигранною головкою," DIN 933 8,8 цинк Болт з шестигранною головкою і повною різьбою ","Болт DIN 933 M10x95 8,8 цинк","933-10-95-8,8ц","
                                    30,24                                ",Високоміцне кріплення,Сталь,8.8,Цинк,10.0,100,Шестигранна,Повна,95,Метрична,1.5,17.0
Болти,Болти з шестигранною головкою," DIN 933 8,8 цинк Болт з шестигранною головкою і повною різьбою ","Болт DIN 933 M10x100 8,8 цинк","933-10-100-8,8ц","
                                    10,80                                ",Високоміцне кріплення,Сталь,8.8,Цинк,10.0,"50, 100",Шестигранна,Повна,100,Метрична,1.5,17.0
Болти,Болти з шестигранною головкою," DIN 933 8,8 цинк Болт з шестигранною головкою і повною різьбою ","Болт DIN 933 M10x110 8,8 цинк","933-10-110-8,8ц","
                                    17,28                                ",Високоміцне кріплення,Сталь,8.8,Цинк,10.0,50,Шестигранна,Повна,110,Метрична,1.5,17.0
Болти,Болти з шестигранною головкою," DIN 933 8,8 цинк Болт з шестигранною головкою і повною різьбою ","Болт DIN 933 M10x120 8,8 цинк","933-10-120-8,8ц","
                                    18,36                                ",Високоміцне кріплення,Сталь,8.8,Цинк,10.0,50,Шестигранна,Повна,120,Метрична,1.5,17.0
